LoginID,FullName,LastName,FirstName,Password,Telephone
ST21001,Paul Anderson,Paul,Anderson,HZ-EK2_r,92660465
ST21002,Tim Auld,Tim,Auld,)2sAT>$&,95405324
ST21003,Victor Barnes,Victor,Barnes,[Q*fr?8},95672840
ST21004,Joanna Beesley,Joanna,Beesley,Gpq?)U}3,852-96042823
ST21005,Elizabeth Benson,Elizabeth,Benson,Actv%7@T,53202703
ST21006,John Billington,John,Billington,3yQPVMh=,99979377
ST21007,Denise Breese,Denise,Breese,gq/XG}6k,97463914
ST21008,Philip Broadhurst,Philip,Broadhurst,MP/hk3wT,(852)93250576
ST21009,Terence Bryan,Terence,Bryan,4W[H)UwS,96515776
ST21010,Maria Bullen,Maria,Bullen,9jf8[xGq,60059406
ST21011,Winston Burton,Winston,Burton,Ud5Vmv.H,93574500
ST21012,Trevor Butcher,Trevor,Butcher,x]Y{b5hq,96038854
ST21013,Jane Butler,Jane,Butler,6XvAVj)r,95908555
ST21014,Michelle Carter,Michelle,Carter,pT-8dvtD,99078870
ST21015,Mark Chapman,Mark,Chapman,H4th@*dn,92932559
ST21016,Andrew Clarke,Andrew,Clarke,2-URSc3+,90607161
ST21017,Michael Cole,Michael,Cole,2>QDefY*,67200749
ST21018,Cuthbert Colin,Cuthbert,Colin,&2F%L{.m,852-90598142
ST21019,Thomas Colwell,Thomas,Colwell,rP7[3?gq,97006763
ST21020,Ben Colyer,Ben,Colyer,&e-TPk5!,97626148
ST21021,Martin Conway,Martin,Conway,26/RZt?@,92694395
ST21022,Susan Crick,Susan,Crick,eXYU&-k4,93932695
ST21023,Julian Crook,Julian,Crook,t.YXM9aV,(852)61012121
ST21024,Denia Cruz,Denia,Cruz,fM89-E@B,95047373
ST21025,David Cutts,David,Cutts,2/(WGZ5a,98098252
ST21026,Joanna Dean,Joanna,Dean,TE*u7_vz,99995117
ST21027,Laban Dearden,Laban,Dearden,/Y5>@)er,97218965
ST21028,Philip Dix,Philip,Dix,K!8k3.4h,99374036
ST21029,Ranald Donaldson,Ranald,Donaldson,xw23Df+E,99543391
ST21030,Elizabeth Dymond,Elizabeth,Dymond,+%CsT4YD,93215095
ST21031,Paul Eason,Paul,Eason,PTv}r7nJ,90267831
ST21032,Doreen Embury,Doreen,Embury,d3=K+BM4,(852)92793346
ST21033,Janene Feeney,Janene,Feeney,nyk_8S3L,95270426
ST21034,Daniel Fletcher,Daniel,Fletcher,m*7N)2aY,93726022
ST21035,Simon Flitton,Simon,Flitton,6y-C*+u.,852-63607510
ST21036,Helen Fox,Helen,Fox,fF-7d.[T,93500923
ST21037,Gregory Foxwell,Gregory,Foxwell,n3C%EKX_,62583074
ST21038,John Gill,John,Gill,{prBS5Qq,91725243
ST21039,Sheilagh Gillies,Sheilagh,Gillies,zg8y?LY&,(852)96999117
ST21040,Donald Grainger,Donald,Grainger,tpm(5zX?,99965492